Employee Name,Country,Year,Transport Used
n360,India,2019,"Bus:18km, Tram:4km"
n250,Australia,2018,"Scooter:25km, Train:9km"
n499,India,2016,"Motorbike:10km, Walking:27km, Train:17km"
n979,India,2018,"Train:20km, Ferry:28km, Walking:26km"
n65,Germany,2018,DieselCar:6km
n27,USA,2016,"RideSharing:2km, DieselCar:20km, Ferry:18km"
n356,Germany,2013,"Bicycle:9km, ElectricCar:23km, HybridCar:21km, RideSharing:23km, Metro:20km"
n434,India,2018,"DieselCar:28km, Metro:11km, Train:25km, PetrolCar:10km, Tram:16km"
n579,Canada,2014,"Bus:27km, Walking:15km, ElectricCar:28km"
n45,India,2018,Motorbike:28km
n288,USA,2021,"Bicycle:18km, ElectricCar:24km, Scooter:1km"
n151,India,2023,"Tram:21km, ElectricCar:30km, Ferry:19km, Scooter:25km, HybridCar:22km"
n550,Canada,2014,"RideSharing:14km, DieselCar:10km, Ferry:17km, Bus:9km, PetrolCar:16km"
n910,India,2021,Bicycle:15km
n988,Germany,2020,"Metro:22km, RideSharing:10km, Scooter:22km, Train:24km, ElectricCar:4km"
n10,Canada,2018,"Train:30km, DieselCar:14km, Tram:10km, HybridCar:19km, Bicycle:23km"
n184,USA,2016,"HybridCar:28km, RideSharing:10km, Metro:29km, Scooter:24km"
n719,Germany,2019,"Bicycle:28km, DieselCar:7km"
n745,Germany,2015,"Ferry:12km, Train:25km, PetrolCar:4km"
n485,India,2014,"ElectricCar:24km, Bicycle:18km, Tram:11km, Metro:27km"
n334,Canada,2019,"Scooter:24km, Walking:27km, HybridCar:15km, PetrolCar:20km"
n539,Australia,2020,"Bus:4km, Scooter:3km"
n894,USA,2013,Metro:12km
n981,Australia,2023,"Metro:21km, Walking:13km, DieselCar:10km, Motorbike:23km"
n919,Canada,2014,"Ferry:26km, Metro:20km, ElectricCar:2km"
n933,Canada,2020,Train:21km
n486,India,2016,"RideSharing:6km, DieselCar:13km"
n164,India,2023,"RideSharing:12km, Ferry:1km"
n644,Germany,2017,"Tram:16km, RideSharing:14km, Motorbike:28km, HybridCar:15km, Scooter:18km"
n243,Australia,2016,"Metro:23km, PetrolCar:2km, DieselCar:12km"
n200,USA,2012,Train:8km
n44,Canada,2013,"Ferry:2km, Motorbike:24km, PetrolCar:14km, DieselCar:16km, Metro:2km"
n807,USA,2015,"Bus:6km, Metro:30km"
n592,India,2016,"DieselCar:19km, Tram:3km, PetrolCar:12km, Train:18km, Bus:20km"
n737,India,2021,Ferry:20km
n346,USA,2014,"Metro:9km, DieselCar:22km"
n577,Canada,2014,Bicycle:19km
n232,Germany,2022,"PetrolCar:16km, Scooter:23km"
n519,India,2019,"DieselCar:11km, PetrolCar:24km"
n524,Canada,2011,"RideSharing:7km, Motorbike:27km, Scooter:17km"
n298,India,2011,HybridCar:30km
n446,Germany,2021,"Walking:15km, Motorbike:19km, ElectricCar:18km, Train:3km"
n145,Canada,2015,"Motorbike:20km, Scooter:19km, DieselCar:26km"
n702,India,2011,"Scooter:2km, HybridCar:7km, Ferry:7km"
n489,Canada,2011,"HybridCar:13km, Tram:24km"
n637,Canada,2010,ElectricCar:29km
n364,Canada,2013,"PetrolCar:27km, Metro:17km, HybridCar:3km, RideSharing:18km"
n823,Germany,2017,"Metro:25km, Tram:1km"
n698,Germany,2015,"Train:6km, Ferry:28km"
n702,Germany,2021,RideSharing:7km
n782,Australia,2012,"DieselCar:27km, Bus:10km"
n404,Australia,2020,"PetrolCar:22km, ElectricCar:7km"
n249,USA,2021,"Metro:11km, ElectricCar:2km, Bicycle:15km, Walking:14km"
n484,Canada,2017,"RideSharing:12km, Walking:19km, ElectricCar:10km, PetrolCar:10km"
n35,Canada,2016,ElectricCar:7km
n815,Australia,2022,Metro:3km
n421,India,2020,"Ferry:3km, Train:10km, PetrolCar:18km, Tram:22km, HybridCar:2km"
n999,Canada,2018,"PetrolCar:29km, Ferry:7km, DieselCar:1km"
n320,Germany,2014,"Bus:5km, HybridCar:11km, RideSharing:7km, Train:12km, PetrolCar:28km"
n516,Australia,2023,"Tram:3km, Bus:17km, PetrolCar:1km, HybridCar:26km"
n243,Germany,2023,"Metro:2km, PetrolCar:8km, Ferry:9km, Scooter:16km, HybridCar:8km"
n592,Germany,2022,"DieselCar:18km, Train:3km, Metro:18km, Bus:13km, Motorbike:21km"
n2,India,2021,"Motorbike:20km, HybridCar:23km, ElectricCar:15km, PetrolCar:22km, Bicycle:22km"
n11,India,2019,"DieselCar:27km, PetrolCar:22km, Walking:12km, Scooter:2km, Bicycle:2km"
n392,Canada,2018,"ElectricCar:21km, Scooter:2km, Ferry:7km"
n520,Germany,2015,"Motorbike:22km, Train:3km"
n806,USA,2018,Ferry:7km
n823,Australia,2023,"Train:17km, RideSharing:12km"
n577,Germany,2017,"PetrolCar:30km, Train:22km, RideSharing:23km, Scooter:14km, Bus:10km"
n616,Germany,2018,HybridCar:26km
n342,Germany,2014,"Scooter:13km, HybridCar:12km, ElectricCar:7km, Walking:8km"
n320,Germany,2012,Ferry:8km
n68,Australia,2015,"Train:21km, Walking:6km, PetrolCar:30km, ElectricCar:30km, DieselCar:4km"
n307,Germany,2020,"Walking:28km, ElectricCar:16km, Tram:9km"
n900,India,2017,"Bicycle:14km, Train:14km, Ferry:22km, Metro:6km"
n935,USA,2020,"Motorbike:1km, RideSharing:17km, Tram:15km, DieselCar:10km, Scooter:19km"
n475,India,2018,"Scooter:27km, RideSharing:26km, Tram:7km, Metro:20km, Walking:21km"
n477,Germany,2023,"Metro:22km, DieselCar:4km, Train:30km, Bus:10km, Ferry:24km"
n775,USA,2015,"Motorbike:22km, Bus:16km, RideSharing:18km, PetrolCar:5km"
n902,Australia,2011,"Metro:9km, Scooter:28km, Ferry:6km, Bicycle:28km"
n991,India,2011,Metro:3km
n921,Canada,2020,"DieselCar:23km, Motorbike:1km, Ferry:13km, Bus:10km, HybridCar:14km"
n167,Australia,2022,"Train:14km, RideSharing:23km, Ferry:15km, Bus:9km, Scooter:23km"
n173,USA,2013,"Bicycle:24km, Motorbike:15km, PetrolCar:11km, Bus:19km, RideSharing:19km"
n846,USA,2011,DieselCar:28km
n154,Germany,2022,"Bus:9km, Bicycle:11km, PetrolCar:20km"
n732,Germany,2022,"HybridCar:4km, Train:25km"
n392,Germany,2015,"Motorbike:5km, PetrolCar:15km, Scooter:27km"
n394,India,2017,"Motorbike:24km, HybridCar:22km, ElectricCar:12km"
n94,Canada,2017,HybridCar:17km
n914,USA,2015,"DieselCar:5km, Bus:8km, Motorbike:10km, Ferry:19km, Scooter:25km"
n730,Australia,2010,"Tram:30km, Scooter:20km"
n161,Germany,2010,"Bus:15km, Tram:27km, Walking:16km, Motorbike:9km, PetrolCar:5km"
n351,Germany,2010,"Metro:7km, Tram:4km, Scooter:19km"
n509,Australia,2021,"Motorbike:5km, Tram:28km, DieselCar:9km, Metro:13km"
n674,Germany,2012,"ElectricCar:16km, Ferry:26km, PetrolCar:2km, Walking:21km, Train:24km"
n546,Australia,2015,"Metro:27km, Tram:28km, Bus:13km, PetrolCar:29km, HybridCar:10km"
n937,Canada,2010,"Walking:1km, Ferry:28km, PetrolCar:21km"
n203,Germany,2019,"Bus:5km, HybridCar:11km, Metro:5km"
n423,Germany,2012,DieselCar:26km
n974,Australia,2022,"Bicycle:1km, Bus:23km, Motorbike:17km, Walking:19km"
n515,Australia,2017,HybridCar:10km
n216,Germany,2019,"Bus:14km, Ferry:4km, ElectricCar:3km"
n958,India,2014,"Motorbike:17km, Metro:9km"
n972,India,2022,"Motorbike:21km, Ferry:24km"
n271,Australia,2018,Tram:22km
n780,Australia,2010,"Scooter:27km, Bicycle:18km, Train:6km, Motorbike:24km, ElectricCar:21km"
n342,India,2021,"Scooter:11km, Walking:16km"
n272,Canada,2020,"Ferry:18km, ElectricCar:18km"
n72,USA,2018,"Walking:8km, ElectricCar:13km, DieselCar:22km"
n985,India,2022,"HybridCar:20km, Metro:11km"
n151,India,2020,"Bus:22km, Train:12km"
n561,Canada,2013,"Scooter:16km, Bus:30km, ElectricCar:14km, Bicycle:14km"
n705,Canada,2018,"Tram:27km, RideSharing:5km"
n681,Germany,2019,"HybridCar:21km, ElectricCar:26km, Ferry:23km, PetrolCar:30km, Bicycle:9km"
n776,Canada,2013,"PetrolCar:1km, HybridCar:9km, Scooter:2km, Ferry:19km"
n413,India,2012,"Metro:24km, Bus:10km, Tram:27km, PetrolCar:5km, ElectricCar:27km"
n770,India,2010,Tram:12km
n151,USA,2014,"Tram:25km, Scooter:20km, PetrolCar:18km, Bus:2km, Walking:22km"
n514,Germany,2015,"Train:23km, Bus:4km, Tram:14km, Ferry:28km"
n705,USA,2023,"Ferry:15km, Metro:8km"
n82,USA,2010,"ElectricCar:24km, Walking:30km, Scooter:27km"
n165,Germany,2018,"Metro:6km, HybridCar:3km"
n216,Australia,2023,"Bus:29km, RideSharing:2km, Scooter:4km"
n477,India,2020,"Motorbike:1km, Metro:27km, Walking:8km, Scooter:26km, Train:8km"
n967,Canada,2022,"ElectricCar:26km, Scooter:6km, HybridCar:12km"
n848,USA,2017,"Walking:8km, RideSharing:15km, Tram:11km, Bicycle:23km, ElectricCar:22km"
n336,USA,2022,"PetrolCar:14km, HybridCar:26km, ElectricCar:25km, Scooter:2km, Bicycle:25km"
n395,Australia,2021,"Tram:20km, Ferry:22km"
n529,Australia,2012,"Tram:12km, ElectricCar:25km, DieselCar:20km, Walking:25km, RideSharing:26km"
n502,Canada,2010,Metro:28km
n705,India,2010,"DieselCar:7km, Metro:16km, Bicycle:18km"
n526,India,2017,"Ferry:1km, Train:27km"
n207,India,2013,Walking:1km
n232,Germany,2017,"RideSharing:3km, Walking:25km, Motorbike:30km, DieselCar:11km"
n937,Canada,2022,"Metro:22km, DieselCar:5km"
n834,Germany,2015,"RideSharing:30km, Bicycle:17km"
n585,Australia,2011,"DieselCar:12km, Scooter:4km"
n217,USA,2023,"Train:18km, Walking:19km, HybridCar:1km"
n573,Canada,2020,"HybridCar:27km, Train:21km"
n76,USA,2016,"PetrolCar:26km, Bus:29km, Walking:1km, ElectricCar:5km"
n270,Germany,2012,HybridCar:2km
n837,Canada,2016,"RideSharing:25km, ElectricCar:9km, Bicycle:13km, Metro:26km, Motorbike:29km"
n26,USA,2015,"Metro:1km, Walking:18km, PetrolCar:15km"
n843,USA,2019,"Walking:2km, Bicycle:12km, DieselCar:4km, RideSharing:7km, ElectricCar:30km"
n540,Canada,2014,"HybridCar:5km, Bicycle:1km, Tram:29km"
n429,Australia,2015,Bus:30km
n544,India,2020,"Ferry:15km, Motorbike:6km, Scooter:24km, PetrolCar:10km, Bicycle:10km"
n759,India,2018,"Bicycle:9km, Bus:3km"
n732,Germany,2010,"ElectricCar:27km, Motorbike:5km, Ferry:18km, DieselCar:7km"
n745,Canada,2022,RideSharing:10km
n388,Canada,2019,"Train:23km, Walking:26km"
n249,USA,2021,"PetrolCar:1km, Scooter:7km, Train:7km"
n16,USA,2011,Ferry:10km
n451,Canada,2018,"Bicycle:24km, Bus:14km, Motorbike:28km, Metro:20km, Train:10km"
n515,Australia,2017,Bicycle:12km
n689,USA,2022,"ElectricCar:12km, Metro:25km"
n862,Canada,2020,"Bus:23km, PetrolCar:21km, HybridCar:10km, Bicycle:27km"
n714,Australia,2017,"Metro:16km, HybridCar:29km"
n662,Germany,2019,"Walking:22km, ElectricCar:16km, Metro:13km, Motorbike:27km, Train:23km"
n802,Canada,2018,"PetrolCar:22km, Bus:28km, ElectricCar:12km"
n500,Australia,2015,"Bus:24km, RideSharing:10km, Train:22km"
n453,Germany,2023,"HybridCar:15km, Ferry:19km, Bus:29km, Scooter:9km, Train:11km"
n295,Germany,2017,Motorbike:29km
n916,India,2020,"Tram:20km, RideSharing:25km, Scooter:30km, Bus:8km"
n422,India,2011,"HybridCar:7km, Walking:30km, Metro:19km"
n579,Australia,2020,Bicycle:24km
n430,India,2018,"RideSharing:29km, ElectricCar:8km"
n824,Australia,2014,"Train:5km, HybridCar:17km, Tram:29km, PetrolCar:8km"
n353,Germany,2011,"Ferry:16km, Metro:15km"
n636,USA,2020,"PetrolCar:10km, Walking:27km, Bus:23km, Metro:16km, DieselCar:7km"
n261,Germany,2015,"ElectricCar:20km, DieselCar:20km, HybridCar:25km, PetrolCar:28km, Walking:18km"
n635,Canada,2020,"PetrolCar:26km, Walking:12km, Metro:29km, Ferry:19km, Tram:16km"
n264,USA,2019,"ElectricCar:18km, Walking:21km, Bus:6km, Metro:29km"
n36,Germany,2010,HybridCar:16km
n951,Canada,2020,"ElectricCar:19km, Metro:2km"
n315,Germany,2015,"ElectricCar:23km, Motorbike:29km, Train:11km, DieselCar:30km"
n799,USA,2021,"RideSharing:24km, Scooter:1km, Ferry:22km"
n415,Australia,2012,"Bicycle:30km, DieselCar:30km, Walking:15km"
n555,India,2023,"Scooter:7km, Bicycle:21km, Metro:11km"
n189,Australia,2020,"Scooter:20km, RideSharing:18km, HybridCar:11km, Tram:15km"
n939,Canada,2016,"HybridCar:2km, Motorbike:19km, PetrolCar:23km, Train:12km"
n743,Germany,2022,"RideSharing:6km, Bus:29km, DieselCar:28km"
n863,Australia,2017,Walking:27km
n333,Australia,2019,Metro:20km
n299,Germany,2011,"Scooter:18km, DieselCar:24km, Train:24km, HybridCar:20km"
n881,India,2015,"HybridCar:14km, Motorbike:24km, Ferry:28km"
n821,Australia,2012,"RideSharing:9km, Ferry:2km, PetrolCar:3km, Walking:5km, Motorbike:9km"
n443,Canada,2021,"Tram:25km, Train:19km"
n33,Canada,2012,DieselCar:5km
n796,Australia,2020,"Train:6km, Metro:19km"
n275,Canada,2019,"Motorbike:4km, Train:2km, Walking:18km, DieselCar:18km"
n870,Canada,2017,Metro:16km
n889,Australia,2016,"Bicycle:30km, PetrolCar:6km, DieselCar:10km, Ferry:10km"
n648,Germany,2012,Motorbike:5km
n282,Australia,2010,"Walking:9km, Scooter:22km, ElectricCar:18km, Ferry:30km, HybridCar:11km"
n708,Germany,2012,"DieselCar:13km, HybridCar:27km"
n926,Canada,2017,"PetrolCar:5km, Train:6km, RideSharing:27km, Walking:13km, DieselCar:19km"
n197,India,2016,"Ferry:19km, HybridCar:24km, Metro:13km, DieselCar:15km, Bicycle:21km"
n322,India,2013,"Scooter:21km, Bus:25km"
n831,Canada,2011,"Scooter:13km, RideSharing:13km, Bus:27km"
n40,Australia,2017,"Ferry:16km, HybridCar:9km, Motorbike:14km"
n747,Germany,2020,Metro:3km
n735,India,2023,"ElectricCar:28km, Bus:27km"
n223,Australia,2022,Train:8km
n753,Canada,2013,"Scooter:28km, Ferry:21km, RideSharing:12km"
n132,India,2011,Train:23km
n269,Canada,2023,"Ferry:22km, Metro:28km, Bus:19km"
n748,India,2017,"RideSharing:24km, Scooter:4km, Metro:2km, Motorbike:24km, Bicycle:15km"
n704,Australia,2017,"RideSharing:30km, Metro:9km"
n535,Canada,2018,"Walking:22km, Metro:15km"
n236,USA,2013,"Scooter:7km, HybridCar:12km, Ferry:14km, ElectricCar:28km"
n503,India,2022,RideSharing:15km
n534,India,2014,"Bus:22km, Walking:2km, Tram:12km"
n884,USA,2013,"Walking:15km, Train:24km, Scooter:19km, Bus:24km, PetrolCar:30km"
n641,Germany,2017,"Metro:28km, Tram:14km"
n707,India,2018,"Metro:9km, Bus:1km, RideSharing:21km, HybridCar:3km, Bicycle:15km"
n704,Germany,2021,"DieselCar:20km, Motorbike:29km, HybridCar:2km, Bicycle:16km"
n161,Australia,2014,"RideSharing:5km, ElectricCar:8km, Ferry:30km, Tram:29km, Bicycle:1km"
n215,Canada,2016,"Ferry:3km, Walking:7km, ElectricCar:30km"
n762,Australia,2014,Train:9km
n969,Australia,2019,"Bus:10km, Ferry:5km, Train:7km, DieselCar:28km, Bicycle:14km"
n998,Australia,2023,"Tram:5km, Scooter:23km, PetrolCar:24km, Bicycle:24km, Motorbike:14km"
n913,Canada,2020,"Train:27km, Walking:28km, DieselCar:16km, Motorbike:14km, Bus:27km"
n173,USA,2013,"Walking:10km, Bicycle:5km"
n562,Germany,2010,"RideSharing:27km, Scooter:25km, Bicycle:20km"
n469,Canada,2019,"Walking:25km, Motorbike:14km"
n532,USA,2022,Motorbike:19km
n40,USA,2021,Walking:17km
n945,Canada,2010,"Train:11km, Scooter:25km, Tram:16km"
n833,India,2023,"Bicycle:12km, DieselCar:14km, Bus:19km, Scooter:7km, RideSharing:20km"
n755,Australia,2018,"ElectricCar:5km, DieselCar:23km, Train:15km"
n106,Germany,2022,"Tram:26km, Ferry:2km, Bicycle:8km, Metro:30km"
n153,Australia,2012,Motorbike:17km
n38,Australia,2010,"Ferry:20km, RideSharing:20km, Tram:26km, Scooter:10km, DieselCar:28km"
n310,USA,2019,"DieselCar:15km, Metro:23km"
n687,India,2013,"Bus:16km, Tram:2km"
n101,Canada,2014,"ElectricCar:10km, Metro:28km, Train:11km"
n878,Germany,2013,Train:21km
n857,USA,2012,"Tram:6km, Train:13km"
n753,India,2011,"Walking:5km, DieselCar:25km, Bus:13km"
n373,Australia,2023,"ElectricCar:16km, Scooter:13km, Bus:20km, Ferry:1km, DieselCar:4km"
n682,India,2014,"RideSharing:14km, Motorbike:14km, HybridCar:21km"
n309,USA,2019,"HybridCar:5km, Metro:14km"
n337,Canada,2013,"Bus:11km, Train:21km, RideSharing:10km"
n248,India,2019,"RideSharing:7km, Walking:16km, Tram:2km, Motorbike:28km, DieselCar:7km"
n230,India,2011,"Scooter:27km, Walking:8km, Tram:5km, Motorbike:2km, ElectricCar:24km"
n802,Germany,2016,ElectricCar:13km
n582,Australia,2013,"Bus:11km, RideSharing:28km, Ferry:21km, Walking:7km, PetrolCar:30km"
n23,Canada,2019,"PetrolCar:27km, Bus:22km, DieselCar:22km, RideSharing:14km, Bicycle:3km"
n427,Canada,2014,"PetrolCar:24km, Tram:7km, Bicycle:18km, HybridCar:19km, Ferry:11km"
n941,Germany,2016,Scooter:4km
n401,Canada,2016,Bicycle:25km
n778,USA,2013,"Train:26km, Motorbike:2km"
n526,Germany,2023,Motorbike:15km
n139,Canada,2016,"Bus:3km, Scooter:15km, HybridCar:15km, ElectricCar:8km, Ferry:9km"
n293,Canada,2019,"Scooter:5km, RideSharing:4km, Bus:2km, ElectricCar:12km"
n825,India,2019,"Bus:6km, Motorbike:1km, Scooter:13km"
n425,Australia,2017,"ElectricCar:12km, PetrolCar:24km, Ferry:26km, HybridCar:8km"
n969,India,2013,"RideSharing:29km, PetrolCar:1km, Motorbike:28km, ElectricCar:17km"
n784,Australia,2015,Scooter:4km
n969,USA,2020,"RideSharing:29km, Bicycle:23km, Train:23km, Ferry:8km"
n892,Australia,2023,"Walking:26km, Bicycle:3km, HybridCar:5km, RideSharing:4km, ElectricCar:6km"
n308,Australia,2018,"Metro:22km, ElectricCar:11km, Tram:19km"
n762,Germany,2014,"PetrolCar:23km, Bus:14km, Walking:4km, ElectricCar:2km, HybridCar:16km"
n254,India,2019,"Ferry:20km, RideSharing:5km, Walking:23km, DieselCar:26km"
n265,India,2018,Ferry:18km
n36,India,2017,"ElectricCar:11km, Motorbike:21km, Train:15km"
n258,Germany,2018,RideSharing:6km
n513,Canada,2020,"Bicycle:30km, Train:22km, Motorbike:21km, Scooter:3km"
n271,Canada,2023,"Metro:12km, Bicycle:21km"
n681,USA,2018,"Ferry:22km, RideSharing:24km, Motorbike:27km"
n61,India,2013,"PetrolCar:17km, Tram:8km, Ferry:11km, Metro:9km"
n986,Canada,2018,"PetrolCar:23km, Metro:13km, Motorbike:14km, Train:10km, RideSharing:16km"
n668,India,2010,"Train:26km, Scooter:10km, Ferry:1km, Bicycle:30km, DieselCar:15km"
n305,Australia,2018,"Walking:17km, Bicycle:9km, Motorbike:9km"
n447,USA,2021,Walking:10km
n929,Germany,2021,Bicycle:6km
n936,Australia,2012,"Bicycle:29km, Scooter:13km"
n757,India,2023,"RideSharing:16km, Scooter:29km, Tram:12km"
n230,USA,2018,"Scooter:21km, Metro:9km"
n667,Germany,2016,Walking:29km
n570,India,2023,"HybridCar:1km, Scooter:5km, Walking:19km, Motorbike:12km, RideSharing:13km"
n962,India,2015,"Ferry:17km, Walking:6km"
n423,USA,2023,"ElectricCar:4km, Scooter:26km, Walking:5km"
n632,India,2021,"DieselCar:18km, Train:13km"
n633,Australia,2014,"Walking:24km, HybridCar:10km, Tram:5km, Ferry:11km, Bus:30km"
n757,India,2023,Metro:29km
n381,India,2021,"PetrolCar:19km, Scooter:9km"
n16,Australia,2023,"Ferry:18km, Bus:15km, Tram:23km, Scooter:30km, Motorbike:7km"
n339,India,2023,"Motorbike:20km, PetrolCar:25km, RideSharing:21km, Train:9km, Metro:8km"
n37,Canada,2017,"Bus:9km, Walking:8km"
n862,Germany,2012,"RideSharing:30km, Tram:19km"
n142,USA,2012,"Motorbike:6km, ElectricCar:13km"
n273,Germany,2017,Tram:6km
n481,Canada,2011,"Bicycle:16km, Ferry:29km"
n434,India,2019,"RideSharing:23km, DieselCar:28km"
n171,Germany,2012,"ElectricCar:30km, Walking:3km, Bicycle:10km"
n756,Canada,2018,"DieselCar:7km, Train:17km"
n596,India,2018,"Ferry:3km, DieselCar:13km, Motorbike:8km, Bicycle:14km"
n833,Australia,2014,"Train:25km, Bicycle:22km, Tram:3km, RideSharing:28km"
n926,Australia,2010,"Train:18km, ElectricCar:30km, HybridCar:22km"
n170,Germany,2023,"Bicycle:18km, Ferry:5km, Tram:6km, PetrolCar:27km"
n842,USA,2014,Scooter:11km
n104,Australia,2017,"Bicycle:26km, Scooter:28km"
n511,USA,2015,"Scooter:18km, PetrolCar:10km, Tram:8km, Motorbike:26km, Walking:22km"
n988,India,2011,"Bus:29km, Tram:20km, Scooter:14km, Ferry:7km"
n665,Germany,2018,"Motorbike:28km, HybridCar:5km, ElectricCar:8km, Bicycle:24km, DieselCar:12km"
n49,Australia,2021,"DieselCar:1km, ElectricCar:11km, Walking:30km"
n122,Germany,2012,"DieselCar:28km, Bus:22km, Bicycle:16km, Ferry:17km, Train:14km"
n134,Canada,2020,"Tram:5km, Bicycle:20km"
n597,Canada,2013,"HybridCar:15km, ElectricCar:13km"
n630,Canada,2022,"Bicycle:23km, Train:27km"
n289,Australia,2022,"PetrolCar:29km, ElectricCar:27km, Train:12km, Bus:12km"
n188,Canada,2016,"Scooter:15km, Ferry:23km"
n930,Canada,2013,"Ferry:1km, Motorbike:3km, HybridCar:18km, ElectricCar:17km"
n298,Germany,2018,ElectricCar:1km
n560,USA,2015,"PetrolCar:18km, DieselCar:1km, Walking:4km"
n76,Canada,2017,"Motorbike:25km, PetrolCar:15km, Scooter:17km, Train:26km"
n708,Canada,2022,"Bicycle:5km, Tram:18km, PetrolCar:6km"
n349,USA,2014,"RideSharing:7km, ElectricCar:7km"
n311,USA,2023,"Walking:12km, Scooter:19km"
n499,Canada,2020,"Bicycle:16km, Bus:23km"
n212,Germany,2016,"HybridCar:4km, Tram:6km, RideSharing:5km, Ferry:24km, Motorbike:22km"
n963,India,2023,"Metro:22km, PetrolCar:18km, RideSharing:22km"
n439,USA,2021,"HybridCar:17km, Metro:28km, Motorbike:11km"
n91,Germany,2017,"Ferry:24km, HybridCar:20km"
n903,Canada,2017,"Bicycle:5km, Metro:18km, ElectricCar:28km, DieselCar:8km"
n885,Australia,2010,"Bicycle:11km, Train:18km"
n173,Canada,2020,"Scooter:1km, Bus:21km, Metro:20km"
n986,India,2020,"Train:18km, Scooter:15km, HybridCar:25km, Metro:22km"
n958,Canada,2020,"Tram:27km, Bicycle:10km, Ferry:6km, Walking:18km, Bus:14km"
n517,Canada,2015,"Bicycle:8km, Bus:23km, Motorbike:25km, Train:12km"
n310,Germany,2014,"DieselCar:28km, Scooter:14km, Train:10km, Bus:29km, ElectricCar:9km"
n785,Canada,2019,HybridCar:14km
n76,Canada,2015,"Bus:8km, Train:19km"
n58,India,2014,"Metro:30km, HybridCar:25km, Ferry:25km"
n798,USA,2021,"Bus:2km, PetrolCar:17km, Ferry:1km"
n323,Germany,2015,"Metro:9km, Ferry:25km, Walking:27km"
n748,USA,2010,"Tram:21km, RideSharing:6km, Train:2km, Bicycle:27km"
n416,USA,2014,"Tram:30km, Motorbike:10km, Metro:13km, RideSharing:9km"
n50,USA,2022,"Bus:26km, Scooter:18km, Train:20km, Bicycle:30km"
n612,USA,2012,"Bus:13km, Walking:25km, HybridCar:17km, RideSharing:24km, Metro:8km"
n906,USA,2011,"HybridCar:12km, Ferry:23km, DieselCar:7km, Scooter:15km"
n850,Canada,2010,Train:27km
n9,Australia,2018,"Metro:3km, Tram:16km"
n222,Australia,2021,"Walking:15km, Train:10km, RideSharing:15km"
n829,Germany,2020,"Bicycle:24km, Bus:30km"
n637,Canada,2017,"Motorbike:15km, PetrolCar:30km"
n388,Germany,2022,"Train:30km, Tram:5km"
n784,India,2017,"Motorbike:26km, Ferry:29km"
n902,India,2018,Walking:7km
n326,USA,2013,"Bus:10km, Ferry:18km, Walking:10km, PetrolCar:19km, Metro:26km"
n389,India,2020,"HybridCar:16km, Bicycle:26km"
n572,India,2011,"Tram:15km, Walking:22km, PetrolCar:4km, Motorbike:21km"
n63,India,2018,"Scooter:23km, RideSharing:11km, HybridCar:21km, Ferry:28km"
n100,Canada,2018,"Bicycle:25km, Ferry:25km, Tram:25km"
n958,Germany,2010,"Tram:22km, Train:13km, Scooter:15km, Ferry:29km, Metro:4km"
n448,USA,2023,"Train:16km, Walking:18km"
n801,USA,2020,Tram:15km
n49,India,2014,Walking:10km
n217,Canada,2016,"Ferry:19km, Walking:10km"
n882,USA,2010,"Tram:10km, DieselCar:8km"
n779,USA,2023,"Tram:24km, Scooter:22km, Train:8km"
n643,Germany,2017,"Train:21km, HybridCar:12km, Walking:3km, ElectricCar:15km"
n738,Australia,2019,"ElectricCar:30km, Bicycle:20km"
n576,Germany,2017,"Walking:13km, ElectricCar:20km"
n791,India,2020,Train:30km
n599,USA,2021,"ElectricCar:21km, Train:7km, Scooter:29km, Walking:24km"
n371,India,2012,"HybridCar:5km, DieselCar:30km"
n355,USA,2020,PetrolCar:23km
n936,Australia,2014,"HybridCar:19km, RideSharing:19km, Tram:9km, Bus:13km, Metro:29km"
n736,Germany,2013,"Ferry:27km, Tram:6km, RideSharing:22km"
n50,Canada,2023,"DieselCar:9km, Train:30km"
n888,Australia,2018,"Scooter:5km, DieselCar:5km, ElectricCar:13km, Metro:3km"
n714,USA,2014,"Ferry:1km, ElectricCar:14km, Motorbike:24km, Bicycle:1km, HybridCar:12km"
n904,USA,2017,"Scooter:24km, Bicycle:30km, Bus:21km, PetrolCar:25km, Train:20km"
n453,Canada,2011,"Ferry:6km, ElectricCar:14km"
n454,Canada,2019,"Motorbike:29km, Metro:18km"
n569,India,2010,"Motorbike:11km, Scooter:14km"
n621,Canada,2020,"Bicycle:20km, Metro:8km"
n884,Australia,2021,"DieselCar:23km, ElectricCar:8km, Ferry:10km, Walking:20km"
n417,USA,2014,"Tram:24km, Bus:10km, DieselCar:17km, ElectricCar:6km"
n426,Australia,2016,"Bicycle:14km, DieselCar:28km, Scooter:26km"
n735,India,2020,Bus:29km
n177,Germany,2019,"PetrolCar:16km, Tram:13km"
n46,USA,2017,"Scooter:29km, Motorbike:4km"
n666,Germany,2020,"Ferry:27km, Tram:3km, PetrolCar:14km"
n803,Australia,2010,"HybridCar:1km, Motorbike:14km, RideSharing:6km, Bicycle:29km, Walking:10km"
n985,India,2011,"Walking:4km, Bicycle:29km, Motorbike:15km, Ferry:15km, Train:14km"
n496,USA,2012,"Bus:9km, Bicycle:21km"
n331,India,2023,ElectricCar:14km
n458,USA,2022,"Scooter:17km, Walking:4km, Train:9km"
n879,Canada,2022,"Metro:29km, Tram:11km, Ferry:26km"
n93,India,2015,"DieselCar:27km, Tram:11km, Bicycle:15km, Bus:10km, Motorbike:25km"
n803,Germany,2012,"Walking:22km, RideSharing:13km, HybridCar:19km, Ferry:11km"
n326,India,2021,"PetrolCar:22km, Bus:11km, Tram:10km, Motorbike:13km"
n222,Canada,2015,RideSharing:24km
n360,India,2020,"Walking:21km, Train:10km, DieselCar:7km"
n486,India,2020,"Metro:29km, Train:6km, HybridCar:15km"
n506,India,2020,"PetrolCar:11km, HybridCar:19km, Metro:7km, Scooter:16km"
n299,Canada,2016,"HybridCar:17km, Bicycle:11km, Train:2km, PetrolCar:26km, Motorbike:11km"
n74,India,2013,"ElectricCar:17km, Tram:2km, Motorbike:29km, Bus:8km"
n262,USA,2023,"ElectricCar:9km, RideSharing:15km"
n343,Germany,2022,RideSharing:10km
n769,Canada,2014,"Motorbike:26km, Walking:19km, PetrolCar:30km"
n788,Canada,2023,"ElectricCar:13km, Scooter:29km, Ferry:22km"
n108,Canada,2011,"Scooter:6km, DieselCar:20km, Ferry:21km, Bicycle:15km, Metro:10km"
n211,Canada,2015,"Bicycle:16km, Motorbike:2km"
n742,Australia,2010,"Bicycle:22km, DieselCar:3km"
n712,Canada,2015,"Train:29km, Bus:16km"
n567,Australia,2020,PetrolCar:27km
n777,India,2018,"ElectricCar:9km, Bus:23km, PetrolCar:9km, RideSharing:12km"
n985,Australia,2023,"Scooter:28km, Metro:4km, Bus:20km, ElectricCar:6km, Train:15km"
n237,Australia,2010,"DieselCar:26km, Motorbike:28km, PetrolCar:29km, Train:10km, RideSharing:19km"
n970,Australia,2018,"Bus:24km, Motorbike:6km"
n364,Canada,2010,"RideSharing:7km, Tram:27km, Motorbike:8km, Metro:16km"
n721,Australia,2017,Walking:20km
n820,Australia,2023,"Metro:27km, Scooter:24km, RideSharing:10km, PetrolCar:16km, DieselCar:24km"
n404,Australia,2016,"Ferry:12km, Motorbike:23km, RideSharing:13km"
n655,Canada,2011,"DieselCar:5km, Train:17km, HybridCar:28km, PetrolCar:9km"
n69,Australia,2013,Tram:27km
n326,USA,2011,"Walking:1km, Metro:13km, RideSharing:18km, Scooter:1km"
n714,Germany,2011,HybridCar:23km
n771,India,2015,"RideSharing:28km, PetrolCar:23km, Metro:30km"
n174,USA,2022,"Bicycle:9km, PetrolCar:20km"
n389,USA,2020,Ferry:21km
n174,Canada,2010,RideSharing:19km
n607,Canada,2011,"RideSharing:23km, HybridCar:26km, Motorbike:24km"
n98,India,2010,"Scooter:9km, DieselCar:12km, Ferry:19km, Bicycle:12km, Bus:16km"
n729,Germany,2013,"Bicycle:29km, Ferry:21km, RideSharing:7km, HybridCar:11km"
n320,Canada,2020,Scooter:4km
n962,Australia,2010,Train:21km
n234,India,2017,"Bicycle:14km, DieselCar:2km, ElectricCar:28km, Tram:29km, Metro:22km"
n504,Canada,2022,"Ferry:12km, HybridCar:17km, PetrolCar:28km, Bus:23km"
n235,Australia,2013,"PetrolCar:18km, DieselCar:10km, Scooter:21km"
n537,Canada,2020,"RideSharing:27km, Walking:25km"
n960,Canada,2016,Train:19km
n882,Canada,2011,"RideSharing:12km, DieselCar:21km, ElectricCar:15km, PetrolCar:24km, Scooter:22km"
n653,India,2012,"Train:7km, Scooter:25km"
n766,Canada,2017,"PetrolCar:4km, Train:5km, Scooter:3km, RideSharing:9km"
n326,Australia,2021,"Bicycle:5km, Ferry:5km, Scooter:30km"
n989,Germany,2017,"Walking:19km, ElectricCar:13km"
n882,Canada,2017,"Scooter:4km, Ferry:27km, Metro:6km, Train:21km, RideSharing:2km"
n902,Australia,2010,Motorbike:1km
n836,Germany,2017,"Tram:16km, Bus:12km, Bicycle:14km"
n693,Canada,2010,PetrolCar:12km
n64,Germany,2018,"Walking:4km, Tram:14km, RideSharing:6km, Bicycle:14km"
n224,Germany,2019,HybridCar:30km
n72,India,2023,"Metro:28km, ElectricCar:13km, Tram:3km, PetrolCar:6km"
n963,Germany,2018,"Bicycle:20km, Ferry:3km, PetrolCar:7km"
n453,Canada,2023,"Metro:2km, Tram:3km, Scooter:3km, HybridCar:5km"
n946,Australia,2014,"HybridCar:22km, Bus:11km, Scooter:14km, Ferry:14km"
n516,USA,2011,"PetrolCar:26km, Motorbike:24km, Scooter:22km"
n951,Australia,2014,"PetrolCar:30km, Walking:24km, Scooter:19km"
n864,Australia,2023,"Motorbike:7km, Bicycle:19km, Scooter:5km, Walking:4km, PetrolCar:3km"
n771,USA,2012,"Metro:4km, HybridCar:2km, ElectricCar:28km, RideSharing:6km"
n85,Canada,2021,"Tram:24km, Ferry:22km, Motorbike:2km, ElectricCar:24km, PetrolCar:24km"
n356,Germany,2016,Walking:1km
n206,Canada,2020,"Bicycle:28km, RideSharing:25km"
n706,Germany,2023,"Scooter:28km, Ferry:9km, Bicycle:29km, Train:2km, Bus:11km"
n596,Australia,2016,"HybridCar:8km, RideSharing:7km, Bus:9km, Scooter:22km, Walking:6km"
n679,Canada,2017,"Train:30km, Scooter:24km, Metro:2km, HybridCar:8km, Motorbike:23km"
n403,Canada,2015,"Train:13km, Metro:9km"
n403,Australia,2020,ElectricCar:22km
n806,India,2020,"Train:28km, Scooter:30km, Metro:12km, PetrolCar:18km, DieselCar:15km"
n935,India,2021,"Bicycle:18km, RideSharing:10km, Scooter:30km, Train:25km, HybridCar:22km"
n457,India,2021,Scooter:10km
n351,USA,2017,"Tram:23km, Ferry:6km, PetrolCar:18km, RideSharing:26km, DieselCar:16km"
n456,India,2014,"Bicycle:17km, Metro:28km, DieselCar:24km"
n800,Australia,2020,"Motorbike:8km, RideSharing:28km, Tram:7km, ElectricCar:16km, HybridCar:1km"
n881,Germany,2013,"ElectricCar:15km, Tram:9km, Metro:19km"
n400,Australia,2019,"Metro:21km, DieselCar:25km, Tram:18km, Walking:30km"
n248,Germany,2022,"ElectricCar:15km, PetrolCar:3km, RideSharing:10km"
n458,India,2020,PetrolCar:27km
n234,Canada,2013,"HybridCar:21km, RideSharing:12km, Bus:7km"
n738,USA,2014,"RideSharing:25km, Bicycle:15km, Ferry:14km, Train:20km"
n66,USA,2020,Ferry:18km
n384,Germany,2017,"PetrolCar:20km, Ferry:15km, ElectricCar:6km"
n531,Germany,2016,RideSharing:18km
n763,Canada,2012,RideSharing:16km
n68,Australia,2021,"Bicycle:2km, Train:24km, Bus:23km, Walking:6km"
n930,Canada,2010,"Train:1km, ElectricCar:15km"
n567,Canada,2016,"PetrolCar:5km, ElectricCar:20km, DieselCar:27km"
n951,USA,2011,"Metro:29km, Bus:17km, DieselCar:20km, Motorbike:12km, Ferry:16km"
n317,USA,2018,HybridCar:19km
n608,India,2016,Metro:10km
n140,Germany,2019,"DieselCar:18km, HybridCar:23km, Bicycle:6km, Tram:10km"
n412,Australia,2023,"Metro:19km, RideSharing:12km, Scooter:29km, Bus:22km, ElectricCar:2km"
n108,India,2021,Walking:12km
n204,India,2021,Walking:3km
n428,USA,2013,"PetrolCar:29km, Metro:27km"
n833,USA,2017,Motorbike:4km
n153,India,2012,"PetrolCar:15km, Bus:27km"
n562,Germany,2023,"Scooter:27km, Tram:11km"
n850,Canada,2011,"ElectricCar:30km, Bicycle:2km, Scooter:28km, Tram:24km, Ferry:16km"
n616,Australia,2016,"Ferry:17km, RideSharing:5km"
n164,India,2018,RideSharing:27km
n520,India,2017,ElectricCar:6km
n683,Germany,2021,"Tram:5km, Ferry:13km, Bicycle:24km, ElectricCar:22km, PetrolCar:1km"
n349,Canada,2017,Scooter:16km
n595,Germany,2020,Train:9km
n13,India,2017,"PetrolCar:20km, Scooter:28km, Ferry:28km, HybridCar:25km"
n975,India,2012,"PetrolCar:27km, Tram:9km, Walking:16km, Motorbike:24km, ElectricCar:24km"
n720,Germany,2017,"Ferry:21km, HybridCar:17km"
n255,USA,2013,Ferry:29km
n254,Germany,2012,"Walking:13km, Train:8km"
n638,Australia,2019,"DieselCar:29km, RideSharing:5km, Metro:2km, ElectricCar:23km, PetrolCar:17km"
n425,USA,2022,"Scooter:9km, ElectricCar:13km, RideSharing:3km"
n59,Australia,2019,"Metro:24km, Train:6km, Walking:25km, PetrolCar:7km"
n897,Australia,2018,Walking:22km
n250,USA,2021,"Ferry:5km, Bicycle:11km, PetrolCar:9km"
n544,Germany,2015,"Motorbike:13km, Walking:24km"
n976,Australia,2013,"Motorbike:15km, HybridCar:25km, Bicycle:28km, PetrolCar:12km, Tram:27km"
n762,Canada,2012,"DieselCar:12km, Bus:17km, ElectricCar:19km, Scooter:28km"
n528,Canada,2014,"Ferry:1km, Tram:5km, PetrolCar:20km, DieselCar:3km, Bus:24km"
n594,India,2018,"Train:2km, Ferry:25km, RideSharing:1km, Scooter:14km"
n324,Germany,2014,HybridCar:11km
n106,Canada,2019,"Train:20km, RideSharing:21km, PetrolCar:8km"
n317,Germany,2017,"Ferry:6km, Bicycle:5km, Walking:26km, Bus:20km, Tram:20km"
n495,USA,2020,"Scooter:29km, Bus:19km, Train:21km, DieselCar:19km"
n636,USA,2014,"Train:30km, Bicycle:11km, Motorbike:4km"
n102,Germany,2021,"HybridCar:6km, Bus:17km, Ferry:15km, Train:6km"
n188,Germany,2023,"Metro:27km, Scooter:22km, HybridCar:15km"
n461,USA,2011,"RideSharing:30km, Ferry:3km, Tram:2km"
n313,Germany,2017,"Tram:22km, Walking:18km, Ferry:23km, ElectricCar:27km"
n794,India,2010,Walking:17km
n322,Germany,2019,RideSharing:12km
n824,Germany,2010,"Tram:18km, Bus:5km, Bicycle:1km, Motorbike:6km, Walking:13km"
n988,Canada,2018,"Bicycle:9km, Metro:21km, PetrolCar:1km"
n265,India,2023,"Ferry:7km, Motorbike:4km, HybridCar:15km, DieselCar:21km"
n703,Germany,2018,HybridCar:26km
n238,Canada,2016,ElectricCar:8km
n831,India,2019,"Walking:3km, ElectricCar:17km, Metro:10km"
n694,India,2012,Metro:22km
n967,India,2021,"Tram:28km, Metro:22km, PetrolCar:9km, RideSharing:17km"
n172,USA,2015,Walking:18km
n852,USA,2023,"Bus:5km, Bicycle:1km, ElectricCar:27km"
n83,USA,2012,"Motorbike:7km, PetrolCar:23km, RideSharing:16km"
n138,Australia,2018,"DieselCar:22km, Motorbike:29km"
n930,Australia,2018,"PetrolCar:15km, Bicycle:2km"
n904,Germany,2018,"DieselCar:1km, Train:23km, Motorbike:14km, Bus:9km, Bicycle:2km"
n670,Germany,2013,"Tram:3km, RideSharing:12km"
n247,India,2011,"HybridCar:27km, Bicycle:18km, Walking:27km, Scooter:12km, Train:19km"
n852,Germany,2017,"Metro:30km, HybridCar:22km"
n446,Canada,2013,"DieselCar:22km, Train:4km"
n640,India,2010,"Bus:16km, Tram:22km"
n709,USA,2022,"Metro:4km, DieselCar:10km, Motorbike:14km, Tram:1km"
n749,Germany,2017,DieselCar:22km
n45,Germany,2014,"DieselCar:26km, Walking:7km, Tram:22km, ElectricCar:10km, Metro:20km"
n444,Australia,2010,Motorbike:16km
n185,Australia,2019,"PetrolCar:20km, Metro:23km, Scooter:14km, Tram:3km"
n573,Australia,2017,"RideSharing:19km, Motorbike:4km, ElectricCar:5km, DieselCar:23km"
n638,USA,2023,"Motorbike:7km, Walking:15km, Ferry:22km"
n987,Germany,2022,"DieselCar:3km, RideSharing:8km, Motorbike:1km"
n983,Australia,2017,"HybridCar:18km, Bicycle:3km, ElectricCar:18km, Bus:20km, Metro:6km"
n139,USA,2011,Scooter:23km
n503,India,2013,Motorbike:27km
n926,Germany,2015,Walking:11km
n624,Germany,2018,"PetrolCar:13km, Tram:4km, Ferry:19km, Bus:2km, HybridCar:14km"
n621,Germany,2013,"Bus:10km, PetrolCar:27km, RideSharing:4km"
n688,USA,2016,"Tram:20km, Metro:12km, Ferry:20km, Train:25km, RideSharing:2km"
n698,Australia,2013,"ElectricCar:16km, HybridCar:2km, Bicycle:30km, Metro:15km"
n323,Canada,2016,"Walking:30km, Tram:25km, Bicycle:11km"
n409,Canada,2015,"Ferry:20km, Bicycle:8km"
n887,Germany,2020,"PetrolCar:15km, Train:14km, HybridCar:9km, Metro:12km"
n700,Australia,2012,"ElectricCar:26km, HybridCar:16km"
n50,USA,2021,"Bus:1km, RideSharing:28km, Train:18km"
n63,Germany,2016,"Scooter:4km, Walking:23km"
n49,Germany,2017,Tram:20km
n192,Canada,2021,"Ferry:5km, HybridCar:8km, RideSharing:8km, Tram:4km"
n730,Australia,2023,"Walking:12km, PetrolCar:7km, Train:5km, Bus:23km, HybridCar:21km"
n213,Canada,2014,"Tram:5km, Walking:1km, Train:28km, Scooter:17km, Bus:7km"
n819,India,2016,"HybridCar:7km, Walking:26km, Tram:17km, Bicycle:29km"
n786,Canada,2016,"Bicycle:9km, Metro:4km, DieselCar:15km, HybridCar:16km"
n643,Canada,2016,"Walking:11km, Bicycle:10km, PetrolCar:5km"
n853,Australia,2021,"Motorbike:11km, Walking:12km, Scooter:19km, Bicycle:1km"
n59,Germany,2014,Ferry:7km
n725,India,2010,"Scooter:30km, Walking:30km, Ferry:19km, PetrolCar:20km, Tram:16km"
n338,India,2010,"RideSharing:19km, Train:28km, Scooter:30km"
n233,India,2011,"Tram:23km, Ferry:5km"
n449,India,2022,"Metro:1km, Tram:8km, Ferry:29km, Bus:14km"
n220,USA,2018,"Motorbike:22km, DieselCar:29km"
n500,India,2021,"DieselCar:7km, Scooter:24km, Bicycle:26km, ElectricCar:3km, Train:29km"
n772,USA,2018,Metro:28km
n254,USA,2015,DieselCar:16km
n824,Germany,2017,"RideSharing:24km, Tram:7km, Train:30km"
n246,Australia,2023,Ferry:20km
n603,India,2022,"Metro:10km, ElectricCar:7km, Bicycle:21km, Ferry:17km, Train:11km"
n99,USA,2016,"Ferry:13km, Scooter:25km, Bicycle:11km, PetrolCar:23km, RideSharing:2km"
n958,Canada,2020,"PetrolCar:10km, Metro:5km, Bus:15km, DieselCar:4km, Bicycle:30km"
n827,Canada,2021,"ElectricCar:4km, PetrolCar:16km, Metro:18km"
n892,Australia,2020,"Bicycle:10km, Metro:15km"
n688,USA,2019,"Train:7km, RideSharing:26km, Ferry:28km, Walking:1km, Scooter:24km"
n307,Germany,2014,"RideSharing:26km, HybridCar:4km, Scooter:10km, Walking:8km"
n509,USA,2021,"Metro:30km, Motorbike:4km"
n546,Germany,2022,"Tram:27km, HybridCar:22km"
n78,USA,2019,HybridCar:4km
n366,USA,2017,"HybridCar:26km, Scooter:1km, Ferry:23km, Walking:6km, ElectricCar:2km"
n40,India,2017,"DieselCar:28km, Scooter:26km, Motorbike:15km"
n157,Australia,2023,"Tram:7km, ElectricCar:25km, PetrolCar:13km, Train:14km, Bicycle:16km"
n375,Germany,2023,"Ferry:1km, DieselCar:25km, Tram:18km, Metro:4km, Motorbike:19km"
n671,Canada,2023,"Bicycle:2km, Walking:21km, HybridCar:10km"
n339,Canada,2010,"RideSharing:4km, Bus:9km"
n618,Germany,2011,"Train:11km, Ferry:7km"
n376,Australia,2012,HybridCar:25km
n498,Australia,2022,Motorbike:13km
n846,Germany,2021,"Walking:20km, Motorbike:27km, Ferry:5km, Train:7km"
n398,Germany,2020,"HybridCar:28km, Metro:11km, RideSharing:16km, PetrolCar:28km, ElectricCar:30km"
n191,Australia,2018,"Scooter:13km, HybridCar:18km"
n997,India,2016,"RideSharing:10km, Ferry:21km, Train:7km, Scooter:18km, PetrolCar:2km"
n311,Australia,2016,"RideSharing:17km, HybridCar:18km, Train:16km, PetrolCar:30km"
n52,Canada,2023,"Bicycle:9km, HybridCar:4km, Walking:20km, Bus:28km, Tram:8km"
n809,India,2018,"PetrolCar:21km, Scooter:13km, Bus:25km, ElectricCar:20km"
n566,Germany,2012,"Tram:28km, ElectricCar:25km, Motorbike:23km, Ferry:26km, PetrolCar:19km"
n760,India,2015,"Motorbike:16km, Train:18km, RideSharing:12km, Ferry:5km, Metro:25km"
n704,India,2018,"Metro:9km, Ferry:21km"
n735,India,2023,"Bus:13km, Tram:28km"
n226,Australia,2019,"Scooter:23km, Bus:3km, Walking:27km"
n3,Canada,2011,Walking:13km
n225,India,2013,"RideSharing:27km, Bus:4km, Walking:30km, Train:28km, HybridCar:6km"
n594,USA,2015,"ElectricCar:18km, Ferry:22km, Walking:15km, PetrolCar:10km, Train:14km"
n518,USA,2021,"ElectricCar:29km, Metro:7km, RideSharing:5km, Bicycle:5km, HybridCar:30km"
n530,Australia,2020,PetrolCar:3km
n793,USA,2015,"HybridCar:20km, DieselCar:24km"
n31,Germany,2019,"Metro:16km, Ferry:22km"
n474,Canada,2023,"RideSharing:27km, Motorbike:11km, Metro:4km"
n403,Australia,2023,"DieselCar:1km, ElectricCar:21km, Scooter:21km, Bicycle:29km, RideSharing:8km"
n158,Canada,2020,"Motorbike:12km, Tram:19km"
n894,India,2011,"Scooter:22km, Bicycle:9km, Tram:11km, Ferry:3km, Train:10km"
n629,USA,2015,"Bus:12km, Scooter:10km, RideSharing:12km, DieselCar:11km"
n443,Canada,2011,"DieselCar:5km, Metro:21km, ElectricCar:22km"
n236,Australia,2013,"Metro:2km, Ferry:17km"
n799,India,2016,"PetrolCar:3km, Train:25km"
n924,Canada,2020,"Ferry:10km, Scooter:28km"
n184,USA,2022,"Bicycle:12km, DieselCar:2km"
n650,Australia,2019,"Ferry:13km, Metro:21km, RideSharing:21km"
n371,India,2010,Train:30km
n992,Germany,2019,"Ferry:29km, PetrolCar:8km, DieselCar:6km"
n129,Australia,2018,DieselCar:16km
n598,Australia,2015,"Tram:13km, DieselCar:25km"
n720,Australia,2012,"Bus:6km, HybridCar:5km"
n444,India,2020,"Bus:13km, HybridCar:15km, DieselCar:26km, RideSharing:22km"
n582,India,2015,"ElectricCar:24km, Walking:8km"
n941,USA,2012,"Walking:6km, Metro:23km, DieselCar:30km, Tram:13km"
n994,Germany,2017,"Train:14km, Metro:28km, RideSharing:6km"
n207,USA,2013,"Tram:15km, PetrolCar:6km, ElectricCar:12km, Scooter:2km, DieselCar:28km"
n668,USA,2018,"ElectricCar:27km, Bicycle:16km, Train:22km, Motorbike:30km, Metro:29km"
n631,Australia,2019,"HybridCar:2km, Metro:17km, PetrolCar:19km"
n961,India,2023,"Metro:3km, Walking:1km, Ferry:26km, Bus:30km, Scooter:27km"
n583,Canada,2021,"ElectricCar:28km, Ferry:26km, Metro:7km"
n346,India,2022,Train:3km
n127,USA,2023,"DieselCar:24km, ElectricCar:27km, Ferry:21km"
n986,Germany,2022,"DieselCar:13km, Bus:6km, Scooter:29km, ElectricCar:9km"
n90,India,2018,"Bicycle:11km, Ferry:8km, Walking:26km, RideSharing:9km"
n14,India,2012,"Tram:27km, DieselCar:1km"
n704,Canada,2014,"Bicycle:13km, Bus:18km, ElectricCar:29km, Scooter:8km"
n471,Australia,2015,"PetrolCar:16km, Bicycle:19km, ElectricCar:25km"
n127,India,2021,"PetrolCar:5km, Ferry:30km, Bus:6km"
n940,Australia,2021,"Walking:14km, PetrolCar:18km, RideSharing:9km"
n700,Germany,2019,"Train:9km, Walking:11km, HybridCar:10km"
n876,Germany,2020,"Bus:9km, Train:26km, PetrolCar:24km"
n714,India,2020,"Train:9km, HybridCar:3km, ElectricCar:11km, Metro:18km, RideSharing:22km"
n192,Australia,2022,"Scooter:14km, RideSharing:26km, Bus:29km"
n250,Canada,2019,"Walking:21km, RideSharing:9km, ElectricCar:9km"
n19,Australia,2022,Ferry:28km
n985,Germany,2010,"ElectricCar:27km, PetrolCar:11km"
n291,Canada,2010,"Metro:5km, RideSharing:30km, Train:9km, HybridCar:30km"
n17,USA,2014,RideSharing:7km
n483,USA,2020,"Bus:24km, HybridCar:22km, Motorbike:18km"
n636,Germany,2015,"Scooter:3km, HybridCar:19km, Ferry:19km, RideSharing:23km"
n423,USA,2018,"HybridCar:26km, Ferry:18km, PetrolCar:14km, Bicycle:10km, Scooter:26km"
n578,India,2017,"Scooter:17km, Ferry:10km, Train:6km, Walking:23km"
n318,Germany,2011,"Metro:19km, Ferry:30km"
n198,Canada,2018,Walking:7km
n440,USA,2015,"Scooter:18km, Motorbike:15km, Tram:29km"
n58,Australia,2011,"Metro:3km, Scooter:14km"
n314,Canada,2011,"HybridCar:13km, Ferry:13km, PetrolCar:3km"
n474,Canada,2018,Train:23km
n937,Canada,2014,"Tram:9km, DieselCar:3km, Metro:29km"
n480,Germany,2012,Train:17km
n848,USA,2019,"Tram:7km, Metro:27km, Ferry:1km, RideSharing:24km, Walking:12km"
n661,Germany,2014,"HybridCar:19km, Ferry:4km"
n418,Germany,2010,"Ferry:28km, Bicycle:3km, DieselCar:19km, ElectricCar:10km, HybridCar:6km"
n384,India,2011,Motorbike:2km
n393,India,2016,"Motorbike:28km, HybridCar:4km"
n309,Australia,2021,"Train:29km, Motorbike:25km, Ferry:11km, PetrolCar:21km"
n857,USA,2018,"Bicycle:16km, Metro:3km, PetrolCar:8km, Motorbike:14km"
n790,Germany,2014,ElectricCar:10km
n208,India,2019,HybridCar:27km
n108,Germany,2023,"Ferry:6km, ElectricCar:5km, Metro:11km"
n33,USA,2018,Bus:22km
n735,USA,2021,Tram:19km
n802,India,2010,"Motorbike:7km, Scooter:3km"
n517,India,2018,"Walking:14km, HybridCar:24km"
n491,Australia,2016,"Ferry:7km, Train:3km"
n315,Australia,2018,"Scooter:26km, Tram:1km, HybridCar:11km"
n382,Canada,2011,"HybridCar:28km, Scooter:18km, Walking:27km"
n107,Canada,2011,"Tram:24km, PetrolCar:11km"
n672,Germany,2020,"Bicycle:10km, Bus:13km, Motorbike:25km, Ferry:20km, Walking:9km"
n826,Canada,2015,"Scooter:7km, ElectricCar:25km"
n933,USA,2012,DieselCar:23km
n779,Australia,2021,Motorbike:12km
n141,India,2010,"Train:22km, Ferry:19km"
n567,Australia,2011,"ElectricCar:1km, Ferry:11km"
n140,USA,2014,ElectricCar:25km
n594,Australia,2011,"Tram:6km, Scooter:29km, Bus:1km"
n4,Australia,2010,"Walking:28km, Ferry:20km, Motorbike:17km, Train:30km"
n720,USA,2010,"Bus:19km, RideSharing:14km"
n942,Germany,2017,"RideSharing:9km, Scooter:10km"
n857,Canada,2013,"Bus:7km, DieselCar:12km, Motorbike:13km, Tram:27km"
n265,USA,2023,"Walking:18km, Bicycle:11km, HybridCar:27km, Metro:25km"
n919,Germany,2017,"Bicycle:16km, Train:14km"
n59,Australia,2012,"Train:23km, Motorbike:1km, Scooter:7km, PetrolCar:27km"
n807,Germany,2014,"HybridCar:9km, Walking:26km, Tram:20km, Bus:5km, Motorbike:1km"
n653,Australia,2021,"Tram:22km, Motorbike:11km, Metro:28km, ElectricCar:28km"
n121,Australia,2021,Bus:9km
n948,USA,2015,"Ferry:13km, HybridCar:19km"
n405,India,2023,ElectricCar:29km
n68,Australia,2014,"RideSharing:26km, DieselCar:3km, Walking:20km, Train:7km"
n885,Canada,2019,"Tram:5km, Ferry:19km"
n676,Canada,2018,PetrolCar:5km
n630,Germany,2020,"Motorbike:4km, Walking:15km, Scooter:19km, PetrolCar:24km"
n105,Germany,2016,"PetrolCar:1km, HybridCar:12km"
n457,Australia,2015,"Scooter:6km, Bus:16km, ElectricCar:27km, Ferry:14km"
n254,India,2018,"Scooter:4km, DieselCar:28km, Ferry:25km"
n682,USA,2010,"Bicycle:3km, HybridCar:10km, Motorbike:19km"
n295,USA,2013,"Motorbike:26km, Tram:5km"
n120,Australia,2023,"Tram:22km, DieselCar:20km, ElectricCar:11km, PetrolCar:21km"
n529,Germany,2018,"Motorbike:13km, Train:13km, RideSharing:29km, Tram:21km"
n140,Germany,2022,"Bicycle:29km, RideSharing:17km, PetrolCar:23km, ElectricCar:7km, Train:30km"
n958,USA,2019,"DieselCar:17km, RideSharing:20km, Metro:2km, Tram:29km"
n761,Germany,2022,"HybridCar:1km, RideSharing:1km, Train:24km"
n653,India,2020,HybridCar:9km
n132,USA,2019,HybridCar:23km
n285,Canada,2021,"Scooter:24km, HybridCar:9km"
n45,Canada,2019,"Tram:4km, HybridCar:20km, RideSharing:25km, Ferry:18km, Scooter:22km"
n129,Germany,2020,"PetrolCar:9km, Bus:18km, Tram:13km, Walking:10km, Metro:4km"
n650,India,2014,Bicycle:29km
n136,USA,2012,"ElectricCar:20km, Scooter:8km, Train:3km, Ferry:9km, RideSharing:4km"
n844,Australia,2022,"Walking:22km, RideSharing:16km, Ferry:15km, Train:20km, Bicycle:26km"
n358,USA,2019,"Ferry:15km, PetrolCar:12km, RideSharing:23km, Motorbike:11km"
n791,India,2011,"Walking:14km, Motorbike:12km"
n878,Australia,2014,RideSharing:26km
n749,USA,2010,"DieselCar:15km, HybridCar:8km"
n890,India,2011,"DieselCar:2km, Metro:25km, Walking:22km, PetrolCar:28km"
n823,Germany,2023,"HybridCar:13km, Bus:9km, Bicycle:4km"
n938,Canada,2010,"Motorbike:4km, Metro:15km, Scooter:10km"
n696,Australia,2021,"Bicycle:3km, ElectricCar:16km, PetrolCar:6km, RideSharing:28km, Walking:18km"
n892,Germany,2012,Bicycle:15km
n721,Canada,2014,"Bus:19km, Scooter:6km, ElectricCar:1km"
n719,India,2012,"RideSharing:5km, Train:29km, ElectricCar:3km, Bus:3km"
n98,Germany,2021,"Ferry:24km, Bicycle:27km, Metro:23km"
n275,Germany,2015,"Train:22km, Bus:15km, Scooter:25km, DieselCar:20km"
n129,Australia,2023,"Bicycle:21km, Bus:2km"
n262,Australia,2020,"Tram:10km, Train:2km, Metro:22km, DieselCar:14km, Scooter:17km"
n926,USA,2016,"Train:8km, Bicycle:18km, PetrolCar:10km"
n678,Germany,2012,"Walking:6km, RideSharing:6km, PetrolCar:19km, ElectricCar:22km, DieselCar:1km"
n907,Australia,2016,"Metro:13km, RideSharing:4km"
n103,USA,2012,DieselCar:28km
n441,Germany,2020,"RideSharing:8km, HybridCar:1km, Metro:25km, Ferry:27km, Scooter:2km"
n353,India,2023,"PetrolCar:14km, ElectricCar:20km"
n242,India,2010,"Walking:15km, Scooter:21km, HybridCar:11km, PetrolCar:14km, Ferry:14km"
n276,USA,2013,"ElectricCar:17km, Motorbike:20km, Tram:12km, RideSharing:19km, DieselCar:12km"
n621,Australia,2014,"Metro:2km, HybridCar:5km, Motorbike:3km, Bicycle:30km, Bus:24km"
n139,USA,2018,"Train:30km, Ferry:23km"
n452,USA,2011,"Walking:22km, PetrolCar:5km, Motorbike:22km"
n438,Germany,2013,"Bus:1km, Bicycle:12km"
n907,USA,2010,"Ferry:28km, Scooter:8km, Walking:5km"
n843,India,2023,Train:12km
n487,USA,2014,"Walking:17km, HybridCar:23km, RideSharing:27km, ElectricCar:3km"
n103,USA,2012,"Scooter:17km, Ferry:9km, Bus:22km"
n641,USA,2010,"Motorbike:16km, Train:30km, Bicycle:10km, HybridCar:30km"
n36,India,2012,"Walking:16km, Metro:4km, HybridCar:17km"
n679,Australia,2016,"Walking:9km, Bus:10km"
n739,Canada,2010,"DieselCar:29km, Metro:8km, HybridCar:17km, Bicycle:2km"
n7,India,2022,"Ferry:27km, Tram:21km, HybridCar:26km, PetrolCar:9km"
n144,USA,2022,"Ferry:1km, Metro:30km, PetrolCar:4km, Bus:6km"
n243,Canada,2022,"PetrolCar:19km, Bus:21km, Metro:25km, RideSharing:5km"
n165,Australia,2018,Metro:18km
n755,USA,2018,"ElectricCar:19km, Metro:3km, Bicycle:1km, HybridCar:18km"
n98,India,2014,"Walking:30km, RideSharing:17km, Metro:20km"
n871,India,2012,"RideSharing:1km, PetrolCar:8km, Tram:30km, DieselCar:21km"
n778,USA,2021,"Walking:2km, Tram:3km"
n775,Australia,2013,"PetrolCar:8km, Bicycle:25km, Walking:4km, Motorbike:21km, Scooter:5km"
n444,Australia,2022,"RideSharing:23km, ElectricCar:12km, Walking:13km, Scooter:26km, HybridCar:1km"
n343,Germany,2015,"Ferry:13km, RideSharing:29km, Walking:13km, Metro:5km, Tram:22km"
n53,Canada,2012,"HybridCar:30km, Metro:13km, Motorbike:4km, PetrolCar:22km"
n791,Australia,2014,"Scooter:20km, RideSharing:6km, Train:12km, Bus:4km"
n928,USA,2011,"Motorbike:2km, Walking:11km, PetrolCar:17km, Scooter:10km"
n618,Germany,2016,"Motorbike:16km, Train:17km"
n594,Australia,2019,"Scooter:1km, Tram:23km, ElectricCar:28km, Ferry:6km, PetrolCar:16km"
n134,Canada,2015,"Train:29km, Ferry:4km, PetrolCar:24km, Bicycle:19km"
n166,Germany,2023,"HybridCar:18km, PetrolCar:14km"
n366,Canada,2021,"Train:1km, PetrolCar:9km, ElectricCar:10km, Ferry:24km, Scooter:15km"
n764,Australia,2021,"Motorbike:25km, Tram:22km, ElectricCar:7km"
n16,Germany,2021,"Tram:20km, RideSharing:5km, ElectricCar:26km"
n224,Germany,2016,"DieselCar:12km, Ferry:2km, Scooter:25km, Metro:5km, PetrolCar:4km"
n706,Australia,2022,"Motorbike:1km, Bus:12km"
n505,Germany,2011,"Motorbike:7km, Bicycle:15km, HybridCar:29km, ElectricCar:21km, Metro:4km"
n273,USA,2020,"Train:30km, PetrolCar:5km"
n672,Australia,2018,"Motorbike:12km, ElectricCar:21km, Ferry:6km, DieselCar:11km"
n200,USA,2022,"HybridCar:15km, RideSharing:10km"
n547,USA,2015,"DieselCar:1km, Bus:30km"
n785,India,2012,"ElectricCar:27km, Train:28km, RideSharing:28km"
n647,USA,2022,"Bicycle:18km, DieselCar:22km, Motorbike:22km, Walking:17km"
n452,Germany,2015,Train:13km
n682,Canada,2016,"RideSharing:25km, Walking:15km, Ferry:8km"
n600,Canada,2020,PetrolCar:1km
n552,Australia,2011,"Metro:17km, HybridCar:18km, Ferry:7km"
n919,Canada,2014,"HybridCar:25km, ElectricCar:23km, Ferry:14km"
n312,Canada,2023,"Tram:7km, RideSharing:26km, ElectricCar:1km, PetrolCar:6km"
n495,USA,2020,"Motorbike:20km, ElectricCar:4km, Tram:4km"
n322,Canada,2023,"Tram:19km, Bus:26km, HybridCar:26km, ElectricCar:25km"
n340,USA,2016,Bicycle:15km
n927,Canada,2022,"HybridCar:22km, DieselCar:2km, Walking:19km, Train:13km, Ferry:26km"
n217,USA,2019,"Train:30km, Ferry:8km"
n440,Canada,2023,Train:30km
n455,Canada,2012,"Metro:27km, Bus:20km, RideSharing:15km, Motorbike:4km, Bicycle:20km"
n884,USA,2020,"Walking:18km, ElectricCar:15km"
n38,Canada,2010,"Ferry:26km, Motorbike:9km, DieselCar:6km, RideSharing:1km"
n390,Germany,2022,Train:18km
n420,Germany,2016,"RideSharing:28km, Walking:10km"
n506,Australia,2015,"Ferry:8km, Walking:17km, RideSharing:14km"
n867,India,2011,Motorbike:4km
n489,Germany,2022,"Bicycle:8km, Train:28km, Ferry:2km, Metro:30km"
n248,Australia,2010,PetrolCar:9km
n90,Germany,2012,"Bicycle:27km, PetrolCar:17km, Bus:8km"
n309,USA,2016,"Metro:27km, Walking:18km, PetrolCar:16km, Ferry:15km"
n876,Germany,2016,"PetrolCar:8km, ElectricCar:14km, RideSharing:20km, Tram:21km"
n220,USA,2015,"PetrolCar:11km, Motorbike:1km, DieselCar:18km, Train:8km"
n630,USA,2012,HybridCar:22km
n839,Germany,2012,"Tram:30km, Walking:5km"
n998,Canada,2010,"Metro:12km, Train:15km"
n771,USA,2020,"Train:1km, RideSharing:24km, Scooter:3km"
n32,India,2017,"Tram:29km, DieselCar:5km"
n374,India,2018,"Motorbike:16km, Bicycle:15km, Metro:19km, HybridCar:3km"
n886,USA,2019,"Scooter:8km, HybridCar:20km"
n866,USA,2013,"Bus:15km, DieselCar:11km, Walking:21km"
n281,India,2019,Metro:12km
n928,India,2017,"DieselCar:4km, HybridCar:29km, Ferry:3km, Bus:2km"
n535,Canada,2015,"Motorbike:12km, Train:30km, PetrolCar:29km, RideSharing:25km, Tram:20km"
n601,India,2015,"HybridCar:7km, Bicycle:21km, Scooter:30km, Walking:10km, Tram:29km"
n529,India,2013,"Bicycle:26km, Metro:9km, ElectricCar:21km"
n666,Canada,2012,"Metro:26km, HybridCar:1km, Walking:11km, Scooter:28km"
n3,Canada,2013,"Motorbike:11km, PetrolCar:24km, Train:11km, Metro:27km"
n945,India,2023,Bicycle:14km
n192,Australia,2021,Bus:18km
n558,Canada,2017,"Scooter:9km, PetrolCar:25km"
n583,Germany,2014,"DieselCar:17km, Bus:27km, Tram:6km, Motorbike:4km, Ferry:25km"
n245,USA,2019,"PetrolCar:25km, DieselCar:22km"
n608,India,2017,"DieselCar:14km, Walking:28km, PetrolCar:12km"
n385,Germany,2016,"Motorbike:7km, Train:18km, Tram:26km, Metro:23km, Ferry:13km"
n465,Australia,2022,"Walking:19km, Train:12km, HybridCar:4km, RideSharing:5km"
n923,USA,2013,"DieselCar:6km, Tram:27km"
n719,Canada,2018,"Bus:20km, Ferry:14km"
n246,Australia,2019,"HybridCar:25km, PetrolCar:24km, Bus:20km, Metro:27km"
n747,Canada,2012,"PetrolCar:11km, Scooter:18km, HybridCar:15km, Motorbike:18km, Metro:9km"
n914,India,2017,"DieselCar:24km, HybridCar:23km, Ferry:12km, PetrolCar:5km"
n946,Canada,2018,"Metro:21km, Scooter:29km"
n783,Germany,2012,"ElectricCar:5km, Ferry:12km, PetrolCar:25km, Tram:11km"
n353,Canada,2013,"PetrolCar:26km, Train:27km, Bus:2km, Metro:1km, ElectricCar:11km"
n215,USA,2010,"Bicycle:1km, ElectricCar:28km, Bus:20km, Walking:4km"
n44,USA,2021,PetrolCar:15km
n276,Germany,2021,Scooter:14km
n405,Germany,2011,"Tram:27km, Train:10km, HybridCar:17km"
n277,USA,2016,"ElectricCar:29km, Ferry:8km, DieselCar:29km"
n298,USA,2022,"Tram:7km, Train:9km"
n370,Canada,2018,"RideSharing:29km, Ferry:5km, Tram:20km, Scooter:30km"
n346,Australia,2019,"DieselCar:24km, HybridCar:27km, Tram:18km, ElectricCar:28km, RideSharing:20km"
n434,India,2014,Ferry:18km
n838,Canada,2018,"DieselCar:6km, Tram:11km"
n423,India,2021,"DieselCar:21km, PetrolCar:4km"
n395,USA,2019,"ElectricCar:18km, Motorbike:1km, DieselCar:2km, Bicycle:8km, HybridCar:3km"
n578,India,2013,"Metro:29km, Bicycle:26km"
n494,Canada,2016,"ElectricCar:15km, Bus:19km"
n841,Australia,2011,PetrolCar:4km
n776,Australia,2010,"Bicycle:12km, Walking:4km, Tram:11km, PetrolCar:24km"
n251,Germany,2011,"Scooter:20km, Train:16km, Metro:27km, PetrolCar:27km"
n504,Canada,2011,"Scooter:13km, DieselCar:28km, Train:21km, Bicycle:10km, HybridCar:7km"
n509,Australia,2012,"Tram:13km, Metro:15km"
n488,Canada,2020,"Scooter:7km, RideSharing:11km, PetrolCar:12km"
n115,Germany,2020,"Walking:22km, Ferry:12km, RideSharing:11km, Motorbike:20km, Train:19km"
n258,Germany,2023,"Walking:6km, Ferry:2km, Bus:10km"
n488,India,2010,"Bus:7km, HybridCar:24km, Ferry:28km, Scooter:27km, DieselCar:24km"
n406,Germany,2010,"HybridCar:15km, Walking:28km, Metro:14km"
n427,Australia,2023,"Tram:9km, ElectricCar:30km, Metro:17km, Bus:15km, Ferry:17km"
n257,Canada,2018,"Tram:28km, Walking:16km, ElectricCar:16km"
n210,USA,2021,"HybridCar:17km, DieselCar:13km, Walking:8km, ElectricCar:22km"
n706,Canada,2017,"Motorbike:9km, RideSharing:8km, Bus:26km"
n916,Australia,2020,"Walking:27km, Motorbike:30km, Bicycle:7km, PetrolCar:22km"
n106,USA,2022,"DieselCar:9km, HybridCar:10km, Motorbike:1km, Bicycle:19km, Ferry:1km"
n945,Canada,2019,"ElectricCar:28km, Bus:3km, Walking:4km, Tram:1km"
n893,Germany,2019,"Walking:20km, Bicycle:22km, Metro:3km, Bus:9km, RideSharing:2km"
n493,USA,2018,HybridCar:19km
n383,India,2015,"DieselCar:13km, Bicycle:27km, Walking:8km, PetrolCar:26km"
n761,India,2022,"Bus:24km, Tram:13km, Bicycle:16km"
n538,India,2017,"Train:9km, Ferry:11km, Metro:14km"
n362,Germany,2011,"HybridCar:5km, RideSharing:12km, Bicycle:4km"
n318,Australia,2012,"RideSharing:9km, Ferry:4km"
n463,India,2014,"RideSharing:24km, Scooter:23km, ElectricCar:28km, HybridCar:22km, Bus:14km"
n64,Germany,2015,Tram:23km
n43,Canada,2013,"Bicycle:29km, Ferry:26km"
n101,India,2021,"HybridCar:24km, Train:24km, ElectricCar:25km, PetrolCar:15km, Bicycle:3km"
n963,Australia,2011,"ElectricCar:27km, PetrolCar:2km"
n121,Germany,2023,Bus:10km
n690,USA,2022,"Bicycle:4km, PetrolCar:23km, Metro:21km"
n417,Germany,2016,Walking:29km
n920,Canada,2023,"Ferry:24km, Tram:2km, HybridCar:5km"
n250,USA,2011,"Bus:1km, Metro:10km, Scooter:11km, Bicycle:23km, Walking:7km"
n298,India,2015,"DieselCar:19km, Train:30km"
n448,India,2014,"ElectricCar:1km, RideSharing:4km, Tram:29km"
n134,Canada,2021,"Bus:14km, DieselCar:2km, PetrolCar:16km"
n625,Australia,2013,"Tram:19km, Bicycle:2km, Train:2km"
n573,Germany,2021,Bicycle:20km
n584,USA,2022,"DieselCar:25km, Motorbike:11km, HybridCar:29km, Bicycle:3km"
n368,USA,2020,"HybridCar:2km, PetrolCar:30km, Bicycle:23km, RideSharing:10km, Bus:5km"
n493,Canada,2022,"Scooter:19km, Train:10km, Tram:21km"
n517,Australia,2011,"Bus:17km, HybridCar:6km, Bicycle:3km"
n137,USA,2017,PetrolCar:1km
n394,India,2012,Tram:12km
n413,Germany,2013,"Train:5km, Bus:8km, DieselCar:14km, PetrolCar:7km"
n951,India,2017,"Metro:10km, Tram:13km, Bicycle:11km"
n567,Canada,2012,Motorbike:21km
n166,Australia,2013,"ElectricCar:28km, Tram:5km, PetrolCar:10km, Metro:25km"
n233,Germany,2023,HybridCar:12km
n784,USA,2012,DieselCar:15km
n395,Australia,2021,ElectricCar:29km
n684,Australia,2019,Walking:18km
n338,Canada,2017,"Ferry:27km, DieselCar:7km"
n292,USA,2022,"Tram:15km, Scooter:22km"
n381,USA,2020,"Scooter:22km, Tram:17km, Motorbike:11km, ElectricCar:2km"
n802,India,2017,"PetrolCar:1km, Bicycle:8km, Bus:30km"
n622,Australia,2014,"PetrolCar:7km, Bicycle:21km, HybridCar:25km, Walking:5km"
n608,USA,2016,"Bicycle:17km, Motorbike:6km, Tram:11km, ElectricCar:9km"
n929,Australia,2012,ElectricCar:16km
n966,USA,2022,"Scooter:18km, Walking:16km, HybridCar:6km"
n618,Canada,2012,"Metro:12km, Motorbike:19km, HybridCar:13km, Train:5km, PetrolCar:29km"
n780,USA,2015,"Train:5km, Bicycle:28km, Bus:30km"
n285,India,2012,Train:3km
n794,Germany,2016,"DieselCar:19km, RideSharing:5km, HybridCar:21km, Bicycle:9km"
n716,Canada,2015,"DieselCar:23km, Ferry:2km, Bicycle:15km"
n670,Germany,2019,"Train:1km, Scooter:27km, Ferry:20km, Bus:29km, ElectricCar:15km"
n520,Australia,2019,DieselCar:15km
n695,India,2022,"Train:27km, RideSharing:3km, Motorbike:13km, ElectricCar:2km"
n338,Germany,2018,"Tram:12km, Motorbike:26km, ElectricCar:26km, DieselCar:22km, Bus:10km"
n437,India,2013,Ferry:10km
n713,Germany,2012,"Bus:20km, Tram:27km, Motorbike:27km"
n936,Australia,2016,"Scooter:30km, Train:26km, Motorbike:15km, Walking:26km, Metro:12km"
n765,India,2016,"Train:25km, Bus:15km"
n672,India,2017,ElectricCar:22km
n822,Canada,2013,"DieselCar:7km, Scooter:16km, Metro:15km"
n552,Australia,2021,"Scooter:17km, Train:12km, PetrolCar:8km"
n691,Australia,2011,"DieselCar:7km, RideSharing:5km, PetrolCar:25km, Train:17km, Bus:29km"
n815,Germany,2016,"RideSharing:8km, HybridCar:10km, Walking:26km"
n69,Germany,2010,Motorbike:9km
n437,India,2020,"Walking:29km, Bus:20km"
n655,Australia,2010,"Motorbike:21km, Bicycle:28km"
n430,Australia,2018,"PetrolCar:19km, Bicycle:17km, Scooter:3km"
n359,USA,2017,"Walking:8km, HybridCar:9km"
n696,USA,2019,"DieselCar:19km, Bus:27km, HybridCar:19km, ElectricCar:9km"
n807,Australia,2017,"Tram:27km, Scooter:7km, HybridCar:3km, Metro:12km, DieselCar:27km"
n987,Canada,2011,"PetrolCar:13km, Metro:10km, ElectricCar:23km, RideSharing:29km"
n154,Germany,2012,"Motorbike:27km, Train:23km, Ferry:24km, Bicycle:15km, Scooter:26km"
n922,Germany,2016,"Tram:24km, Metro:22km"
n700,India,2023,HybridCar:30km
n606,Canada,2011,Scooter:7km
n813,India,2012,Tram:26km
n566,Germany,2012,"Walking:28km, Ferry:2km, RideSharing:10km, DieselCar:29km, PetrolCar:24km"
n366,Canada,2012,"Motorbike:24km, Metro:22km, Bicycle:7km"
n574,India,2010,"Scooter:8km, Motorbike:5km, Tram:3km, Metro:26km"
n566,Canada,2021,Bicycle:17km
n989,Germany,2012,"Bus:21km, Scooter:14km"
n70,USA,2017,"RideSharing:22km, Ferry:30km, Train:3km"
n294,USA,2022,"Ferry:1km, ElectricCar:7km, Bicycle:6km"
n281,Canada,2021,"ElectricCar:12km, HybridCar:9km"
n154,USA,2017,DieselCar:13km
n93,India,2013,"PetrolCar:12km, Bicycle:22km, Scooter:8km, Bus:19km, ElectricCar:14km"
n953,Germany,2010,"Motorbike:5km, Bicycle:25km, DieselCar:8km, Scooter:29km"
n72,Canada,2011,"DieselCar:4km, HybridCar:19km, Metro:19km, PetrolCar:25km, Scooter:25km"
n792,Canada,2020,Train:26km
n916,Germany,2016,"Motorbike:14km, Ferry:8km, Bus:24km"
n858,India,2017,"Scooter:1km, Bus:26km, Train:11km"
n176,USA,2012,"RideSharing:2km, HybridCar:4km"
n996,Germany,2011,"Metro:21km, Motorbike:27km, Train:28km, Bicycle:8km"
n500,Australia,2015,Motorbike:21km
n455,Australia,2012,"Train:19km, RideSharing:28km, Walking:30km, Scooter:12km, Ferry:29km"
n247,Canada,2021,"Bicycle:26km, PetrolCar:9km, Scooter:4km, Tram:28km"
n734,India,2019,"Scooter:26km, DieselCar:28km"
n718,Australia,2011,"PetrolCar:26km, Ferry:11km, Motorbike:2km, HybridCar:13km"
n494,Australia,2017,Walking:11km
n243,India,2015,"Ferry:29km, Bicycle:29km, Walking:30km"
n848,Canada,2010,"Motorbike:29km, ElectricCar:24km, Train:30km, Bus:21km, RideSharing:17km"
n216,India,2018,"Tram:3km, Metro:27km, Scooter:25km, PetrolCar:14km, RideSharing:16km"
n233,USA,2018,Tram:11km
n502,Australia,2017,"Bus:17km, Walking:19km"
n865,India,2020,"Ferry:5km, HybridCar:9km, PetrolCar:18km, Bus:4km, Train:6km"
n35,India,2010,"Train:2km, Ferry:18km, RideSharing:19km, PetrolCar:21km, Bus:24km"
n135,USA,2020,"Bus:27km, PetrolCar:28km, Train:28km, Metro:18km"
n97,India,2012,Bus:3km
